{
    "plddts": {
        "model_1_pred_0": 96.80019473900447,
        "model_2_pred_0": 96.59477843215066,
        "model_3_pred_0": 95.95032090818351,
        "model_4_pred_0": 96.3738942418151,
        "model_5_pred_0": 95.44596357718561
    },
    "order": [
        "model_1_pred_0",
        "model_2_pred_0",
        "model_4_pred_0",
        "model_3_pred_0",
        "model_5_pred_0"
    ]
}