{
    "features": 973.3687014579773,
    "process_features_model_1_pred_0": 4.2370359897613525,
    "predict_and_compile_model_1_pred_0": 123.21324110031128,
    "relax_model_1_pred_0": 34.09372282028198,
    "process_features_model_2_pred_0": 2.0118191242218018,
    "predict_and_compile_model_2_pred_0": 109.68617606163025,
    "relax_model_2_pred_0": 19.448009252548218,
    "process_features_model_3_pred_0": 1.7738008499145508,
    "predict_and_compile_model_3_pred_0": 85.57365202903748,
    "relax_model_3_pred_0": 19.680392265319824,
    "process_features_model_4_pred_0": 1.7266838550567627,
    "predict_and_compile_model_4_pred_0": 82.9861056804657,
    "relax_model_4_pred_0": 19.78361225128174,
    "process_features_model_5_pred_0": 1.7751412391662598,
    "predict_and_compile_model_5_pred_0": 87.49554133415222,
    "relax_model_5_pred_0": 17.991700649261475
}