{
    "features": 904.7156293392181,
    "process_features_model_1_pred_0": 4.8423545360565186,
    "predict_and_compile_model_1_pred_0": 130.7907156944275,
    "relax_model_1_pred_0": 34.68715453147888,
    "process_features_model_2_pred_0": 2.1008737087249756,
    "predict_and_compile_model_2_pred_0": 116.24327111244202,
    "relax_model_2_pred_0": 19.756738662719727,
    "process_features_model_3_pred_0": 1.7832460403442383,
    "predict_and_compile_model_3_pred_0": 90.12361741065979,
    "relax_model_3_pred_0": 19.84676456451416,
    "process_features_model_4_pred_0": 1.8648531436920166,
    "predict_and_compile_model_4_pred_0": 89.33230519294739,
    "relax_model_4_pred_0": 20.02338147163391,
    "process_features_model_5_pred_0": 1.8713841438293457,
    "predict_and_compile_model_5_pred_0": 90.69338250160217,
    "relax_model_5_pred_0": 18.052680015563965
}